Area	Count	Unique Value Count	Missing Value Count	Min	Max	Mean	Mean Deviation	1st Quartile	Median	3rd Quartile	Range	Sample Variance	Sample Standard Deviation	Sample Skewness	Sample Kurtosis	P0.5	P1	P5	P95	P99	P99.5
Computer	201	201	5	1.02892561983471	364.187995860642	40.7990616728854	27.6293720601504	15.7190934065934	28.6781651376147	48.8235877106046	363.159070240807	2282.28824311711	47.7733005256818	3.96562503918917	19.7750540880406	1.78506097560976	2.31802120141343	6.42615176151762	98.9332611832612	279.004117647059	300.733668341709
Life	125	125	6	2.59518599562363	309.45277754291	46.6719117823716	33.7927656807679	17.7503814464449	29.8797767282095	46.8877438351123	306.857591547287	2546.54712312657	50.4633245350182	2.51652478513994	7.54394493898675	3.34829995590352	4.13054033501182	7.34655613624076	147.815389920406	223.647041198502	256.253778312748
Physical	51	51	5	4.55343543392753	202.998923573735	39.1768414327089	29.3777331804459	13.3719286570831	24.0927460092948	52.7472740524781	198.445488139808	1710.45144098494	41.3576043912717	2.11270181922974	4.82541705393257	4.66931309560876	4.78519075729	5.93702436938863	131.547037253677	173.011714861784	188.005319217759
Business	37	37	3	4.45996592844974	413.954673335417	97.5026251466547	71.6873241082388	28.9011627906977	68.3113043478261	110.791054313099	409.494707406968	9688.38580831883	98.4295982330459	1.72092192971342	2.59928998877366	4.89107869523542	5.3221914620211	9.88730154483736	303.410205614034	385.349793595421	399.652233465419
Social	29	29	2	1.96440677966102	372.021081576535	61.1283855315268	54.0051390067408	18.834964920868	28.0968992248062	60.9206798866856	370.056674796874	6878.01479404219	82.9337976583865	2.5179708210045	6.69697422070538	2.46319110671631	2.96197543377161	6.07417765006099	215.976454491046	329.897101554646	350.959091565591
All	452	452	22	1.02892561983471	413.954673335417	48.0151966575709	36.350130039727	15.8853145308403	29.4331527591751	53.7544435768135	412.925747715583	3378.56383694472	58.1254147249267	3.13085849360001	11.8675321298575	2.05457845720788	2.56739101161421	6.47381136602402	152.19324176672	305.006031850297	356.616708800879
