Missing Values	Count	Unique Value Count	Missing Value Count	Min	Max	Mean	Mean Deviation	1st Quartile	Median	3rd Quartile	Range	Sample Variance	Sample Standard Deviation	Sample Skewness	Sample Kurtosis	P0.5	P1	P5	P95	P99	P99.5
Yes	116	116	5	2.59518599562363	279.004117647059	49.3893245295069	34.0341762992258	17.3662455171935	32.0568887958992	56.24990805841	276.408931651435	2722.70169764707	52.1795141568707	2.51914355414643	7.06841966312388	3.66743445699865	4.83644938619615	9.03798942870824	155.977632428941	270.389744367611	279.003779411765
No	68	68	5	2.62267965447528	309.45277754291	28.5344166686224	22.9194746397272	8.90392922398104	15.7887621085095	27.3011736940995	306.830097888435	2157.23398235871	46.4460330099214	4.25760566281313	21.0901151836579	3.35013106094403	4.07758246741277	5.4521349689456	135.846901575809	202.545151175955	255.998964359433
All	184	184	10	2.59518599562363	309.45277754291	41.6820759722235	32.1157353303946	12.9201083525498	26.0446767324816	44.8994965942336	306.857591547287	2602.68038926843	51.0164717446085	2.89692808482926	9.59638734811411	2.62034269347289	4.14762726187409	6.58440370074273	147.694247684435	279.003629411765	281.592253738206
