Associated Task	Count	Unique Value Count	Missing Value Count	Min	Max	Mean	Mean Deviation	1st Quartile	Median	3rd Quartile	Range	Sample Variance	Sample Standard Deviation	Sample Skewness	Sample Kurtosis	P0.5	P1	P5	P95	P99	P99.5
Classification	404	404	13	1.02892561983471	413.954673335417	47.4435706879225	35.5858452885955	16.7198299969839	29.4000559666687	52.649708569546	412.925747715583	3282.9367757509	57.2969176810664	3.26683115468082	13.1468740235746	1.9697109959873	2.5401632721764	7.66363516241361	149.95776466547	309.191204266874	363.742626033597
Clustering	110	110	2	4.2409972299169	364.187995860642	57.5518400453074	38.8515730805335	23.5356898132781	38.2255683546754	69.529759335204	359.946998630725	3538.36151828333	59.4841282888413	2.79918614761827	9.7104290205044	4.3603351706173	4.63692265342585	8.24889570552147	162.587553537855	299.525010334589	329.605387362823
Regression	129	129	0	2.59518599562363	372.021081576535	60.8208282923251	40.2256938897874	24.8115384615385	42.0281437125749	68.6065573770492	369.425895580912	4028.34988509373	63.4692830044087	2.72838217209077	8.32160139518965	5.10246253467596	7.27447898742631	11.0971882801209	207.38014933705	318.958758262684	348.005460764448
Causal-Discovery	14	14	0	5.14594594594595	300.733668341709	43.9305695604709	39.424037769044	14.1587177931817	24.8001854197506	28.7206748554586	295.587722395763	5688.16489861074	75.4199237510271	3.49608690241326	12.6373185766989	5.3853072991589	5.62466865237185	7.53955947807545	146.26901177525	269.840737028417	285.287202685063
All	496	496	15	1.02892561983471	413.954673335417	47.8447186857058	35.0122384645807	17.4224416731553	29.7893674150147	54.3657043538452	412.925747715583	3146.4408023692	56.093143987204	3.19801848062276	12.6688949575584	2.13237362999341	2.59234977276553	7.22637081043512	149.909335089628	301.169623801769	350.08461800422
