Missing Values	Count	Unique Value Count	Missing Value Count	Min	Max	Mean	Mean Deviation	1st Quartile	Median	3rd Quartile	Range	Sample Variance	Sample Standard Deviation	Sample Skewness	Sample Kurtosis	P0.5	P1	P5	P95	P99	P99.5
Yes	116	116	5	2.59518599562363	279.004117647059	49.3893245295069	34.0341762992258	17.3662455171935	32.0568887958992	56.24990805841	276.408931651435	2722.70169764707	52.1795141568707	2.51914355414643	7.06841966312388	3.66743445699865	4.83644938619615	9.03798942870824	155.977632428941	270.389744367611	279.003779411765
No	69	69	5	2.62267965447528	309.45277754291	29.8110445027449	24.6183455118397	9.0315953038674	16.2583589372854	27.3440140119514	306.830097888435	2237.96467845946	47.3071313700108	3.98269938056142	18.7477800919649	3.36098854462266	4.09929743477005	5.47288520973005	134.821529493805	200.949514961523	255.201146252217
All	185	185	10	2.59518599562363	309.45277754291	42.0871552222281	32.5114373286152	12.9807142857143	26.4095238095238	45.6886379350081	306.857591547287	2618.89188892794	51.1751100529148	2.84754928856161	9.30377651054637	2.62048016176715	4.16600012461383	6.59014978254938	147.419557005929	279.003623529412	281.440010438727
